Feature,Importance
thal,0.16676728695449963
cp,0.14783756110422716
ca,0.11613238376050332
age,0.10556977332695591
thalach,0.0861602807742681
trestbps,0.08234661247470541
slope,0.07988767700537723
chol,0.07720635149018727
oldpeak,0.06743475232081844
restecg,0.022506656935646033
exang,0.022471711251670537
sex,0.015781531628088586
fbs,0.009897420973052469
